Campaign,Keyword,Match Type
"IJM Worx - Outdoor Living Search","jobs","Phrase"
"IJM Worx - Outdoor Living Search","careers","Phrase"
"IJM Worx - Outdoor Living Search","hiring","Phrase"
"IJM Worx - Outdoor Living Search","now hiring","Phrase"
"IJM Worx - Outdoor Living Search","salary","Phrase"
"IJM Worx - Outdoor Living Search","wage","Phrase"
"IJM Worx - Outdoor Living Search","apprentice","Phrase"
"IJM Worx - Outdoor Living Search","apprenticeship","Phrase"
"IJM Worx - Outdoor Living Search","employment","Phrase"
"IJM Worx - Outdoor Living Search","intern","Phrase"
"IJM Worx - Outdoor Living Search","how to become","Phrase"
"IJM Worx - Outdoor Living Search","contractor license","Phrase"
"IJM Worx - Outdoor Living Search","license class","Phrase"
"IJM Worx - Outdoor Living Search","training course","Phrase"
"IJM Worx - Outdoor Living Search","trade school","Phrase"
"IJM Worx - Outdoor Living Search","diy","Phrase"
"IJM Worx - Outdoor Living Search","do it yourself","Phrase"
"IJM Worx - Outdoor Living Search","how to build","Phrase"
"IJM Worx - Outdoor Living Search","how to make","Phrase"
"IJM Worx - Outdoor Living Search","tutorial","Phrase"
"IJM Worx - Outdoor Living Search","plans","Phrase"
"IJM Worx - Outdoor Living Search","blueprint","Phrase"
"IJM Worx - Outdoor Living Search","build your own","Phrase"
"IJM Worx - Outdoor Living Search","kit","Phrase"
"IJM Worx - Outdoor Living Search","kits","Phrase"
"IJM Worx - Outdoor Living Search","cheap","Phrase"
"IJM Worx - Outdoor Living Search","cheapest","Phrase"
"IJM Worx - Outdoor Living Search","discount","Phrase"
"IJM Worx - Outdoor Living Search","bargain","Phrase"
"IJM Worx - Outdoor Living Search","low cost","Phrase"
"IJM Worx - Outdoor Living Search","used","Phrase"
"IJM Worx - Outdoor Living Search","second hand","Phrase"
"IJM Worx - Outdoor Living Search","clearance","Phrase"
"IJM Worx - Outdoor Living Search","wholesale","Phrase"
"IJM Worx - Outdoor Living Search","liquidation","Phrase"
"IJM Worx - Outdoor Living Search","above ground","Phrase"
"IJM Worx - Outdoor Living Search","aboveground","Phrase"
"IJM Worx - Outdoor Living Search","intex","Phrase"
"IJM Worx - Outdoor Living Search","inflatable","Phrase"
"IJM Worx - Outdoor Living Search","kiddie","Phrase"
"IJM Worx - Outdoor Living Search","kiddie pool","Phrase"
"IJM Worx - Outdoor Living Search","stock tank","Phrase"
"IJM Worx - Outdoor Living Search","plastic pool","Phrase"
"IJM Worx - Outdoor Living Search","portable pool","Phrase"
"IJM Worx - Outdoor Living Search","pop up pool","Phrase"
"IJM Worx - Outdoor Living Search","frame pool","Phrase"
"IJM Worx - Outdoor Living Search","repair","Phrase"
"IJM Worx - Outdoor Living Search","repairs","Phrase"
"IJM Worx - Outdoor Living Search","pool repair","Phrase"
"IJM Worx - Outdoor Living Search","pool service","Phrase"
"IJM Worx - Outdoor Living Search","pool cleaning","Phrase"
"IJM Worx - Outdoor Living Search","cleaning service","Phrase"
"IJM Worx - Outdoor Living Search","weekly service","Phrase"
"IJM Worx - Outdoor Living Search","pool cleaner","Phrase"
"IJM Worx - Outdoor Living Search","maintenance","Phrase"
"IJM Worx - Outdoor Living Search","pool maintenance","Phrase"
"IJM Worx - Outdoor Living Search","chemicals","Phrase"
"IJM Worx - Outdoor Living Search","pool chemicals","Phrase"
"IJM Worx - Outdoor Living Search","pool parts","Phrase"
"IJM Worx - Outdoor Living Search","pump repair","Phrase"
"IJM Worx - Outdoor Living Search","filter repair","Phrase"
"IJM Worx - Outdoor Living Search","leak detection","Phrase"
"IJM Worx - Outdoor Living Search","resurfacing","Phrase"
"IJM Worx - Outdoor Living Search","replaster","Phrase"
"IJM Worx - Outdoor Living Search","acid wash","Phrase"
"IJM Worx - Outdoor Living Search","pool removal","Phrase"
"IJM Worx - Outdoor Living Search","demolition","Phrase"
"IJM Worx - Outdoor Living Search","fill in pool","Phrase"
"IJM Worx - Outdoor Living Search","draining","Phrase"
"IJM Worx - Outdoor Living Search","roofing","Phrase"
"IJM Worx - Outdoor Living Search","roofer","Phrase"
"IJM Worx - Outdoor Living Search","solar","Phrase"
"IJM Worx - Outdoor Living Search","hvac","Phrase"
"IJM Worx - Outdoor Living Search","air conditioning","Phrase"
"IJM Worx - Outdoor Living Search","plumber","Phrase"
"IJM Worx - Outdoor Living Search","plumbing","Phrase"
"IJM Worx - Outdoor Living Search","fence","Phrase"
"IJM Worx - Outdoor Living Search","fencing","Phrase"
"IJM Worx - Outdoor Living Search","artificial turf","Phrase"
"IJM Worx - Outdoor Living Search","fake grass","Phrase"
"IJM Worx - Outdoor Living Search","lawn mowing","Phrase"
"IJM Worx - Outdoor Living Search","lawn care","Phrase"
"IJM Worx - Outdoor Living Search","lawn service","Phrase"
"IJM Worx - Outdoor Living Search","tree service","Phrase"
"IJM Worx - Outdoor Living Search","tree removal","Phrase"
"IJM Worx - Outdoor Living Search","sprinkler repair","Phrase"
"IJM Worx - Outdoor Living Search","pest control","Phrase"
"IJM Worx - Outdoor Living Search","house painting","Phrase"
"IJM Worx - Outdoor Living Search","garage door","Phrase"
"IJM Worx - Outdoor Living Search","septic","Phrase"
"IJM Worx - Outdoor Living Search","foundation repair","Phrase"
"IJM Worx - Outdoor Living Search","drywall","Phrase"
"IJM Worx - Outdoor Living Search","kitchen remodel","Phrase"
"IJM Worx - Outdoor Living Search","bathroom remodel","Phrase"
"IJM Worx - Outdoor Living Search","pool table","Phrase"
"IJM Worx - Outdoor Living Search","pool tables","Phrase"
"IJM Worx - Outdoor Living Search","pool float","Phrase"
"IJM Worx - Outdoor Living Search","pool noodle","Phrase"
"IJM Worx - Outdoor Living Search","pool party","Phrase"
"IJM Worx - Outdoor Living Search","swim lessons","Phrase"
"IJM Worx - Outdoor Living Search","swimming lessons","Phrase"
"IJM Worx - Outdoor Living Search","public pool","Phrase"
"IJM Worx - Outdoor Living Search","community pool","Phrase"
"IJM Worx - Outdoor Living Search","hotel pool","Phrase"
"IJM Worx - Outdoor Living Search","pool hall","Phrase"
"IJM Worx - Outdoor Living Search","billiards","Phrase"
"IJM Worx - Outdoor Living Search","meaning","Phrase"
"IJM Worx - Outdoor Living Search","definition","Phrase"
"IJM Worx - Outdoor Living Search","wikipedia","Phrase"
"IJM Worx - Outdoor Living Search","for sale","Phrase"
"IJM Worx - Outdoor Living Search","homes for sale","Phrase"
"IJM Worx - Outdoor Living Search","rent","Phrase"
"IJM Worx - Outdoor Living Search","rental","Phrase"
"IJM Worx - Outdoor Living Search","for rent","Phrase"
"IJM Worx - Outdoor Living Search","apartment","Phrase"
"IJM Worx - Outdoor Living Search","apartments","Phrase"
"IJM Worx - Outdoor Living Search","zillow","Phrase"
"IJM Worx - Outdoor Living Search","real estate","Phrase"
