"Campaign","Keyword","Match Type"
"IJM Worx - Custom Pools Search","jobs","Phrase"
"IJM Worx - Custom Pools Search","careers","Phrase"
"IJM Worx - Custom Pools Search","hiring","Phrase"
"IJM Worx - Custom Pools Search","now hiring","Phrase"
"IJM Worx - Custom Pools Search","salary","Phrase"
"IJM Worx - Custom Pools Search","wage","Phrase"
"IJM Worx - Custom Pools Search","apprentice","Phrase"
"IJM Worx - Custom Pools Search","apprenticeship","Phrase"
"IJM Worx - Custom Pools Search","employment","Phrase"
"IJM Worx - Custom Pools Search","intern","Phrase"
"IJM Worx - Custom Pools Search","how to become","Phrase"
"IJM Worx - Custom Pools Search","contractor license","Phrase"
"IJM Worx - Custom Pools Search","license class","Phrase"
"IJM Worx - Custom Pools Search","training course","Phrase"
"IJM Worx - Custom Pools Search","trade school","Phrase"
"IJM Worx - Custom Pools Search","diy","Phrase"
"IJM Worx - Custom Pools Search","do it yourself","Phrase"
"IJM Worx - Custom Pools Search","how to build","Phrase"
"IJM Worx - Custom Pools Search","how to make","Phrase"
"IJM Worx - Custom Pools Search","tutorial","Phrase"
"IJM Worx - Custom Pools Search","plans","Phrase"
"IJM Worx - Custom Pools Search","blueprint","Phrase"
"IJM Worx - Custom Pools Search","build your own","Phrase"
"IJM Worx - Custom Pools Search","kit","Phrase"
"IJM Worx - Custom Pools Search","kits","Phrase"
"IJM Worx - Custom Pools Search","cheap","Phrase"
"IJM Worx - Custom Pools Search","cheapest","Phrase"
"IJM Worx - Custom Pools Search","discount","Phrase"
"IJM Worx - Custom Pools Search","bargain","Phrase"
"IJM Worx - Custom Pools Search","low cost","Phrase"
"IJM Worx - Custom Pools Search","used","Phrase"
"IJM Worx - Custom Pools Search","second hand","Phrase"
"IJM Worx - Custom Pools Search","clearance","Phrase"
"IJM Worx - Custom Pools Search","wholesale","Phrase"
"IJM Worx - Custom Pools Search","liquidation","Phrase"
"IJM Worx - Custom Pools Search","above ground","Phrase"
"IJM Worx - Custom Pools Search","aboveground","Phrase"
"IJM Worx - Custom Pools Search","intex","Phrase"
"IJM Worx - Custom Pools Search","inflatable","Phrase"
"IJM Worx - Custom Pools Search","kiddie","Phrase"
"IJM Worx - Custom Pools Search","kiddie pool","Phrase"
"IJM Worx - Custom Pools Search","stock tank","Phrase"
"IJM Worx - Custom Pools Search","plastic pool","Phrase"
"IJM Worx - Custom Pools Search","portable pool","Phrase"
"IJM Worx - Custom Pools Search","pop up pool","Phrase"
"IJM Worx - Custom Pools Search","frame pool","Phrase"
"IJM Worx - Custom Pools Search","repair","Phrase"
"IJM Worx - Custom Pools Search","repairs","Phrase"
"IJM Worx - Custom Pools Search","pool repair","Phrase"
"IJM Worx - Custom Pools Search","pool service","Phrase"
"IJM Worx - Custom Pools Search","pool cleaning","Phrase"
"IJM Worx - Custom Pools Search","cleaning service","Phrase"
"IJM Worx - Custom Pools Search","weekly service","Phrase"
"IJM Worx - Custom Pools Search","pool cleaner","Phrase"
"IJM Worx - Custom Pools Search","maintenance","Phrase"
"IJM Worx - Custom Pools Search","pool maintenance","Phrase"
"IJM Worx - Custom Pools Search","chemicals","Phrase"
"IJM Worx - Custom Pools Search","pool chemicals","Phrase"
"IJM Worx - Custom Pools Search","pool parts","Phrase"
"IJM Worx - Custom Pools Search","pump repair","Phrase"
"IJM Worx - Custom Pools Search","filter repair","Phrase"
"IJM Worx - Custom Pools Search","leak detection","Phrase"
"IJM Worx - Custom Pools Search","resurfacing","Phrase"
"IJM Worx - Custom Pools Search","replaster","Phrase"
"IJM Worx - Custom Pools Search","acid wash","Phrase"
"IJM Worx - Custom Pools Search","pool removal","Phrase"
"IJM Worx - Custom Pools Search","demolition","Phrase"
"IJM Worx - Custom Pools Search","fill in pool","Phrase"
"IJM Worx - Custom Pools Search","draining","Phrase"
"IJM Worx - Custom Pools Search","roofing","Phrase"
"IJM Worx - Custom Pools Search","roofer","Phrase"
"IJM Worx - Custom Pools Search","solar","Phrase"
"IJM Worx - Custom Pools Search","hvac","Phrase"
"IJM Worx - Custom Pools Search","air conditioning","Phrase"
"IJM Worx - Custom Pools Search","plumber","Phrase"
"IJM Worx - Custom Pools Search","plumbing","Phrase"
"IJM Worx - Custom Pools Search","fence","Phrase"
"IJM Worx - Custom Pools Search","fencing","Phrase"
"IJM Worx - Custom Pools Search","artificial turf","Phrase"
"IJM Worx - Custom Pools Search","fake grass","Phrase"
"IJM Worx - Custom Pools Search","lawn mowing","Phrase"
"IJM Worx - Custom Pools Search","lawn care","Phrase"
"IJM Worx - Custom Pools Search","lawn service","Phrase"
"IJM Worx - Custom Pools Search","tree service","Phrase"
"IJM Worx - Custom Pools Search","tree removal","Phrase"
"IJM Worx - Custom Pools Search","sprinkler repair","Phrase"
"IJM Worx - Custom Pools Search","pest control","Phrase"
"IJM Worx - Custom Pools Search","house painting","Phrase"
"IJM Worx - Custom Pools Search","garage door","Phrase"
"IJM Worx - Custom Pools Search","septic","Phrase"
"IJM Worx - Custom Pools Search","foundation repair","Phrase"
"IJM Worx - Custom Pools Search","drywall","Phrase"
"IJM Worx - Custom Pools Search","kitchen remodel","Phrase"
"IJM Worx - Custom Pools Search","bathroom remodel","Phrase"
"IJM Worx - Custom Pools Search","pool table","Phrase"
"IJM Worx - Custom Pools Search","pool tables","Phrase"
"IJM Worx - Custom Pools Search","pool float","Phrase"
"IJM Worx - Custom Pools Search","pool noodle","Phrase"
"IJM Worx - Custom Pools Search","pool party","Phrase"
"IJM Worx - Custom Pools Search","swim lessons","Phrase"
"IJM Worx - Custom Pools Search","swimming lessons","Phrase"
"IJM Worx - Custom Pools Search","public pool","Phrase"
"IJM Worx - Custom Pools Search","community pool","Phrase"
"IJM Worx - Custom Pools Search","hotel pool","Phrase"
"IJM Worx - Custom Pools Search","pool hall","Phrase"
"IJM Worx - Custom Pools Search","billiards","Phrase"
"IJM Worx - Custom Pools Search","meaning","Phrase"
"IJM Worx - Custom Pools Search","definition","Phrase"
"IJM Worx - Custom Pools Search","wikipedia","Phrase"
"IJM Worx - Custom Pools Search","for sale","Phrase"
"IJM Worx - Custom Pools Search","homes for sale","Phrase"
"IJM Worx - Custom Pools Search","rent","Phrase"
"IJM Worx - Custom Pools Search","rental","Phrase"
"IJM Worx - Custom Pools Search","for rent","Phrase"
"IJM Worx - Custom Pools Search","apartment","Phrase"
"IJM Worx - Custom Pools Search","apartments","Phrase"
"IJM Worx - Custom Pools Search","zillow","Phrase"
"IJM Worx - Custom Pools Search","real estate","Phrase"
"IJM Worx - Custom Pools Search","pergola","Phrase"
"IJM Worx - Custom Pools Search","pergolas","Phrase"
"IJM Worx - Custom Pools Search","patio cover","Phrase"
"IJM Worx - Custom Pools Search","patio covers","Phrase"
"IJM Worx - Custom Pools Search","outdoor kitchen","Phrase"
"IJM Worx - Custom Pools Search","bbq island","Phrase"
"IJM Worx - Custom Pools Search","hardscape","Phrase"
"IJM Worx - Custom Pools Search","retaining wall","Phrase"
"IJM Worx - Custom Pools Search","stamped concrete","Phrase"
"IJM Worx - Custom Pools Search","concrete driveway","Phrase"
"IJM Worx - Custom Pools Search","concrete patio","Phrase"
"IJM Worx - Custom Pools Search","decorative concrete","Phrase"
"IJM Worx - Custom Pools Search","concrete contractor","Phrase"
"IJM Worx - Custom Pools Search","driveway","Phrase"
"IJM Worx - Custom Pools Search","landscaping","Phrase"
"IJM Worx - Custom Pools Search","landscape design","Phrase"
"IJM Worx - Custom Pools Search","landscaper","Phrase"
"IJM Worx - Custom Pools Search","landscape lighting","Phrase"
"IJM Worx - Custom Pools Search","outdoor lighting","Phrase"
"IJM Worx - Custom Pools Search","artificial turf","Phrase"
"IJM Worx - Custom Pools Search","turf","Phrase"
"IJM Worx - Custom Pools Search","sod","Phrase"
"IJM Worx - Custom Pools Search","putting green","Phrase"
"IJM Worx - Custom Pools Search","sprinkler system","Phrase"
"IJM Worx - Custom Pools Search","hot tub","Phrase"
"IJM Worx - Custom Pools Search","swim spa","Phrase"
